{
  "name": "com.claudeflow.unity-swarm-ai",
  "version": "1.0.0",
  "displayName": "Unity Swarm AI",
  "description": "Complete swarm intelligence system for Unity with performance optimization, spatial partitioning, and extensible behaviors. Supports flocking, ant colonies, formation flying, and more.",
  "unity": "2021.3",
  "keywords": [
    "ai",
    "swarm",
    "boids",
    "flocking",
    "simulation",
    "performance",
    "intelligent-agents"
  ],
  "author": {
    "name": "Claude Flow Swarm Intelligence",
    "email": "contact@claudeflow.com",
    "url": "https://github.com/ruvnet/swarm-world"
  },
  "dependencies": {},
  "samples": [
    {
      "displayName": "Basic Flocking Demo",
      "description": "Classic boids flocking behavior with 50-100 agents",
      "path": "Examples/BasicFlocking"
    }
  ],
  "repository": {
    "type": "git",
    "url": "https://github.com/ruvnet/swarm-world.git",
    "directory": "UnitySwarmAI"
  },
  "license": "MIT"
}